Global Position X,Global Position Y,Global Position Z,fixationID,Time,LayerNumber
-0.3628199,1.209153,1.563704,-1,14.04174,0
-0.3169277,1.208212,1.562682,-1,14.04174,0
-0.3806915,1.215773,1.564671,0,14.0651,0
-0.3348206,1.21483,1.563683,-1,14.0651,0
-0.3743497,1.217567,1.564736,0,14.07777,0
-0.328498,1.216572,1.563722,0,14.07777,0
-0.3732093,1.223957,1.565304,0,14.0837,0
-0.3273942,1.222946,1.564314,0,14.0837,0
-0.3685725,1.227688,1.565573,0,14.1,0
-0.3227848,1.226706,1.564583,0,14.1,0
-0.3669528,1.228264,1.565601,0,14.11283,0
-0.3211709,1.227277,1.564605,0,14.11283,0
-0.3594564,1.228719,1.565521,0,14.12879,0
-0.3136811,1.22772,1.564496,0,14.12879,0
-0.3590309,1.237465,1.56632,0,14.14262,0
-0.3133003,1.236436,1.565328,0,14.14262,0
-0.3418003,1.232616,1.565538,0,14.15638,0
-0.3040357,1.231755,1.564689,0,14.15638,0
-0.3432278,1.233957,1.565697,0,14.17077,0
-0.3054735,1.233158,1.564853,0,14.17077,0
-0.342296,1.235887,1.565864,0,14.18595,0
-0.3045565,1.235089,1.565021,0,14.18595,0
-0.3588085,1.231688,1.565787,0,14.20074,0
-0.3151563,1.23078,1.564821,0,14.20074,0
-0.3637481,1.230452,1.565751,0,14.21555,0
-0.3200848,1.229501,1.564797,0,14.21555,0
-0.3556242,1.229159,1.565486,0,14.23192,0
-0.3120025,1.228163,1.564504,0,14.23192,0
-0.356959,1.229648,1.56556,0,14.24468,0
-0.313338,1.22863,1.564576,0,14.24468,0
-0.3579592,1.230433,1.565656,0,14.25897,0
-0.3143413,1.229398,1.564671,0,14.25897,0
-0.3572661,1.244082,1.566899,0,14.27353,0
-0.3115664,1.242971,1.565922,0,14.27353,0
-0.3659851,1.239776,1.56664,0,14.29073,0
-0.320247,1.238663,1.565684,0,14.29073,0
-0.372109,1.237421,1.56652,0,14.30341,0
-0.3263454,1.236273,1.565577,0,14.30341,0
-0.3753776,1.236526,1.566489,0,14.31591,0
-0.329603,1.23536,1.565555,0,14.31591,0
-0.3786522,1.235801,1.566474,0,14.32947,0
-0.332868,1.234619,1.56555,0,14.32947,0
-0.3732058,1.234868,1.566303,0,14.34376,0
-0.3274162,1.233658,1.565347,0,14.34376,0
-0.3744443,1.234736,1.566311,0,14.35823,0
-0.3286475,1.233592,1.565365,0,14.35823,0
-0.3967939,1.228844,1.567625,0,14.37182,0
-0.3507917,1.227294,1.565208,0,14.37182,0
-0.3924794,1.229207,1.56672,0,14.38677,0
-0.3465838,1.228056,1.565196,0,14.38677,0
-0.3936091,1.229031,1.56695,0,14.40071,0
-0.347687,1.227841,1.565198,0,14.40071,0
-0.394343,1.209523,1.565279,0,14.41441,0
-0.3483034,1.208365,1.563334,0,14.41441,0
-0.3819413,1.207296,1.563914,0,14.42844,0
-0.3360136,1.206309,1.562886,0,14.42844,0
-0.3772405,1.205415,1.563637,0,14.44456,0
-0.3313146,1.204381,1.562605,0,14.44456,0
-0.374768,1.204332,1.563482,0,14.45822,0
-0.3288423,1.203281,1.562449,0,14.45822,0
-0.3724268,1.203398,1.563345,0,14.47008,0
-0.326502,1.202338,1.56231,0,14.47008,0
-0.3700933,1.202468,1.563208,0,14.48394,0
-0.3241693,1.201398,1.562172,0,14.48394,0
-0.3687328,1.201299,1.563068,0,14.49907,0
-0.3228047,1.200252,1.562034,0,14.49907,0
-0.3671046,1.219518,1.56479,0,14.51164,0
-0.3212685,1.218432,1.563755,0,14.51164,0
-0.3692681,1.219114,1.564795,0,14.52647,0
-0.3234249,1.218134,1.56377,0,14.52647,0
-0.368153,1.21828,1.564692,0,14.53975,0
-0.3223081,1.217324,1.563669,0,14.53975,0
-0.3670385,1.217447,1.564589,0,14.55343,0
-0.3211917,1.216515,1.563569,0,14.55343,0
-0.3687007,1.202844,1.563216,0,14.56793,0
-0.3227697,1.201897,1.562192,0,14.56793,0
-0.3697714,1.214674,1.564378,0,14.58267,0
-0.3238951,1.213713,1.563353,0,14.58267,0
-0.3717219,1.210777,1.564042,0,14.59786,0
-0.3258243,1.209883,1.563024,0,14.59786,0
-0.3727389,1.209138,1.563904,0,14.61118,0
-0.3268313,1.208267,1.562888,0,14.61118,0
-0.3737543,1.207502,1.563767,0,14.62376,0
-0.3278365,1.206652,1.562753,0,14.62376,0
-0.3592314,1.205733,1.563302,0,14.6377,0
-0.315419,1.20494,1.562336,0,14.6377,0
-0.3601804,1.198555,1.562867,0,14.65097,0
-0.3163372,1.197597,1.562087,0,14.65097,0
-0.35822,1.199536,1.56272,0,14.66523,0
-0.3143817,1.198637,1.561934,0,14.66523,0
-0.3585497,1.198713,1.562816,0,14.67922,0
-0.3147085,1.19781,1.562031,0,14.67922,0
-0.3588796,1.19789,1.562913,0,14.69355,0
-0.3150356,1.196983,1.562128,0,14.69355,0
-0.3656346,1.19727,1.563117,0,14.70827,0
-0.3196947,1.196342,1.562292,0,14.70827,0
-0.3697922,1.202878,1.563241,0,14.72122,0
-0.3238569,1.201934,1.562218,0,14.72122,0
-0.3673251,1.205549,1.563449,0,14.73511,0
-0.3214096,1.204621,1.562427,0,14.73511,0
-0.366373,1.206361,1.563508,0,14.75028,0
-0.3204637,1.20544,1.562487,0,14.75028,0
-0.3654287,1.207166,1.563566,0,14.7647,0
-0.3195255,1.206252,1.562546,0,14.7647,0
-0.3703858,1.208091,1.563756,0,14.77724,0
-0.3244849,1.207184,1.562736,0,14.77724,0
-0.372436,1.208388,1.563826,0,14.78979,0
-0.32863,1.207473,1.562848,0,14.78979,0
-0.3715953,1.20833,1.563803,0,14.80431,0
-0.3277908,1.20741,1.562825,0,14.80431,0
-0.371148,1.208501,1.563811,0,14.81847,0
-0.3273456,1.20758,1.562833,0,14.81847,0
-0.3705556,1.208911,1.563838,0,14.83234,0
-0.3267567,1.207985,1.56286,0,14.83234,0
-0.3583394,1.209112,1.56361,0,14.8466,0
-0.3261639,1.208428,1.56289,0,14.8466,0
-0.3602475,1.205876,1.563336,0,14.86089,0
-0.32804,1.205243,1.562621,0,14.86089,0
-0.3616827,1.209737,1.563738,0,14.87418,0
-0.323768,1.208987,1.562896,0,14.87418,0
-0.3622262,1.208865,1.563665,0,14.8882,0
-0.3243045,1.208118,1.562823,0,14.8882,0
-0.3624813,1.208087,1.563595,0,14.90456,0
-0.3245535,1.207345,1.562753,0,14.90456,0
-0.3570973,1.213586,1.564015,0,14.91821,0
-0.3131412,1.212719,1.563039,0,14.91821,0
-0.3596562,1.210433,1.563764,0,14.92981,0
-0.3156788,1.209519,1.562783,0,14.92981,0
-0.3597444,1.209924,1.563716,0,14.94401,0
-0.3157652,1.208998,1.562734,0,14.94401,0
-0.359691,1.208665,1.563594,0,14.95789,0
-0.3157057,1.207741,1.562612,0,14.95789,0
-0.3600729,1.207582,1.563497,0,14.97131,0
-0.316081,1.206654,1.562515,0,14.97131,0
-0.3605524,1.212875,1.564017,0,14.98556,0
-0.3165819,1.211929,1.563033,0,14.98556,0
-0.3682203,1.203336,1.563254,0,14.99957,0
-0.3222928,1.20241,1.562232,0,14.99957,0
-0.3703992,1.215945,1.564513,0,15.01323,0
-0.3266696,1.215039,1.563538,0,15.01323,0
-0.3695988,1.218872,1.564779,0,15.02754,0
-0.3258857,1.217959,1.563803,0,15.02754,0
-0.3694371,1.219231,1.56481,0,15.04153,0
-0.3257259,1.218319,1.563834,0,15.04153,0
-0.3692759,1.219589,1.564841,0,15.05736,0
-0.3255667,1.218677,1.563866,0,15.05736,0
-0.3649431,1.210106,1.563839,0,15.07034,0
-0.3190559,1.209219,1.562822,0,15.07034,0
-0.3619543,1.223784,1.565097,0,15.08401,0
-0.3161371,1.22288,1.564079,0,15.08401,0
-0.3618187,1.22386,1.565101,0,15.09671,0
-0.3160028,1.222939,1.564082,0,15.09671,0
-0.3613767,1.224575,1.565161,0,15.11058,0
-0.3155656,1.223657,1.564142,0,15.11058,0
-0.3609359,1.225289,1.565221,0,15.12488,0
-0.3151298,1.224372,1.564203,0,15.12488,0
-0.3656854,1.199778,1.562859,0,15.13938,0
-0.3197687,1.198957,1.562008,0,15.13938,0
-0.3833784,1.204258,1.56365,0,15.152,0
-0.3453275,1.203525,1.562807,0,15.152,0
-0.3838539,1.202507,1.563491,0,15.16641,0
-0.3457881,1.201776,1.562648,0,15.16641,0
-0.3838256,1.202231,1.563464,0,15.18039,0
-0.3457578,1.201501,1.562621,0,15.18039,0
-0.3837975,1.201956,1.563437,0,15.19482,0
-0.3457277,1.201227,1.562594,0,15.19482,0
-0.3838787,1.201354,1.56338,0,15.21034,0
-0.3458045,1.200631,1.562538,0,15.21034,0
-0.3854206,1.196517,1.563599,0,15.22433,0
-0.3473366,1.195806,1.562908,0,15.22433,0
-0.3737803,1.194677,1.563565,0,15.23601,0
-0.335741,1.194027,1.562869,0,15.23601,0
-0.3735842,1.193432,1.563697,0,15.24932,0
-0.3355411,1.192797,1.562999,0,15.24932,0
-0.3736313,1.19223,1.56383,0,15.26394,0
-0.3355838,1.191605,1.56313,0,15.26394,0
-0.3601675,1.202885,1.563046,0,15.27763,0
-0.3142461,1.202071,1.562036,0,15.27763,0
-0.359229,1.200908,1.562837,0,15.29159,0
-0.3133002,1.199992,1.561816,0,15.29159,0
-0.3590862,1.187578,1.564045,0,15.30592,0
-0.3131431,1.186729,1.563211,0,15.30592,0
-0.3584431,1.187943,1.563992,0,15.31993,0
-0.3125019,1.187165,1.56315,0,15.31993,0
-0.3582063,1.186993,1.564091,0,15.33388,0
-0.3122638,1.186221,1.563249,0,15.33388,0
-0.3522462,1.197955,1.562772,0,15.34811,0
-0.3063315,1.197166,1.561932,0,15.34811,0
-0.3520657,1.200989,1.562699,0,15.3635,0
-0.3061465,1.200174,1.561688,0,15.3635,0
-0.3693205,1.207217,1.56365,0,15.37745,0
-0.323418,1.206404,1.562639,0,15.37745,0
-0.3695473,1.208111,1.56374,0,15.38907,0
-0.3236468,1.207258,1.562726,0,15.38907,0
-0.3694176,1.20811,1.563738,0,15.40315,0
-0.3235172,1.20726,1.562724,0,15.40315,0
-0.369288,1.20811,1.563735,0,15.41677,0
-0.3233875,1.207261,1.562721,0,15.41677,0
-0.3669228,1.195378,1.56335,0,15.4311,0
-0.3209904,1.194627,1.562506,0,15.4311,0
-0.3668441,1.195395,1.563347,0,15.44525,0
-0.3209118,1.194646,1.562502,0,15.44525,0
-0.3670267,1.195111,1.563381,0,15.45946,0
-0.3210942,1.194362,1.562537,0,15.45946,0
-0.3670514,1.195029,1.563391,0,15.47289,0
-0.3211185,1.194285,1.562546,0,15.47289,0
-0.3641683,1.194914,1.563345,0,15.48664,0
-0.318237,1.194173,1.5625,0,15.48664,0
-0.3528262,1.193552,1.563265,0,15.50228,0
-0.3069003,1.19277,1.562424,0,15.50228,0
-0.3472351,1.199186,1.562537,0,15.5169,0
-0.3013258,1.198386,1.561698,0,15.5169,0
-0.347855,1.198315,1.562644,0,15.52956,0
-0.3019419,1.197519,1.561805,0,15.52956,0
-0.3480512,1.197916,1.562692,0,15.54343,0
-0.3021368,1.197119,1.561853,0,15.54343,0
-0.3482469,1.197518,1.562739,0,15.55585,0
-0.3023314,1.196719,1.561901,0,15.55585,0
-0.3482026,1.196945,1.562801,0,15.57009,0
-0.3022846,1.19618,1.561959,0,15.57009,0
-0.3617344,1.20291,1.563081,0,15.58463,0
-0.3179556,1.202118,1.562116,0,15.58463,0
-0.3616568,1.203416,1.563128,0,15.59861,0
-0.3178808,1.202628,1.562163,0,15.59861,0
-0.3616997,1.20328,1.563116,0,15.61144,0
-0.3179229,1.202502,1.562152,0,15.61144,0
-0.3617865,1.203065,1.563097,0,15.62649,0
-0.3180082,1.202291,1.562133,0,15.62649,0
-0.3819449,1.205255,1.563717,0,15.64057,0
-0.336022,1.204421,1.562704,0,15.64057,0
-0.383657,1.20558,1.563783,0,15.65429,0
-0.3396806,1.204778,1.562813,0,15.65429,0
-0.3829933,1.20693,1.563897,0,15.66902,0
-0.3390266,1.206141,1.562931,0,15.66902,0
-0.3827246,1.207412,1.563937,0,15.6836,0
-0.3387614,1.206623,1.562972,0,15.6836,0
-0.3824572,1.207892,1.563977,0,15.69538,0
-0.3384973,1.207104,1.563013,0,15.69538,0
-0.3804393,1.207719,1.563924,0,15.70901,0
-0.3345329,1.206892,1.562912,0,15.70901,0
-0.3587317,1.196583,1.563053,0,15.72321,0
-0.3207189,1.195946,1.562356,0,15.72321,0
-0.3585433,1.196511,1.563057,0,15.73767,0
-0.3205299,1.195907,1.562356,0,15.73767,0
-0.3583432,1.196916,1.563009,0,15.7515,0
-0.3203313,1.19632,1.562307,0,15.7515,0
-0.3581446,1.197318,1.562961,0,15.76524,0
-0.320134,1.196729,1.562258,0,15.76524,0
-0.3408067,1.216583,1.563973,0,15.77945,0
-0.3145771,1.216128,1.563397,0,15.77945,0
-0.3430594,1.213284,1.563701,0,15.79303,0
-0.3167973,1.212822,1.563123,0,15.79303,0
-0.361244,1.199062,1.562833,0,15.80749,0
-0.3232222,1.198422,1.562136,0,15.80749,0
-0.3614532,1.197942,1.562959,0,15.82316,0
-0.3234278,1.19729,1.562264,0,15.82316,0
-0.3618217,1.19731,1.563036,0,15.83675,0
-0.3237938,1.196654,1.562341,0,15.83675,0
-0.3448614,1.19647,1.562786,0,15.84829,0
-0.3011636,1.19571,1.561987,0,15.84829,0
-0.3443779,1.1966,1.562762,0,15.86269,0
-0.3006805,1.195861,1.561961,0,15.86269,0
-0.3715592,1.196529,1.563318,0,15.87701,0
-0.3256235,1.195756,1.562476,0,15.87701,0
-0.3717161,1.196805,1.563291,0,15.89009,0
-0.3257807,1.196027,1.562449,0,15.89009,0
-0.371862,1.196476,1.563329,0,15.90461,0
-0.3259253,1.195698,1.562488,0,15.90461,0
-0.366214,1.196116,1.563255,0,15.91864,0
-0.3202798,1.195337,1.562414,0,15.91864,0
-0.3674684,1.192144,1.563715,0,15.93243,0
-0.3215232,1.191284,1.562882,0,15.93243,0
-0.367806,1.192309,1.563703,0,15.94667,0
-0.3218605,1.191431,1.562873,0,15.94667,0
-0.3674118,1.193425,1.563573,0,15.96184,0
-0.3214702,1.19264,1.562733,0,15.96184,0
-0.3675874,1.193802,1.563536,0,15.97627,0
-0.3216465,1.193021,1.562695,0,15.97627,0
-0.3677623,1.194177,1.563498,0,15.98944,0
-0.321822,1.1934,1.562657,0,15.98944,0
-0.3795619,1.194676,1.563682,0,16.0018,0
-0.333615,1.193902,1.56284,0,16.0018,0
-0.3772292,1.199443,1.563113,0,16.01574,0
-0.3312981,1.198676,1.562271,0,16.01574,0
-0.3809791,1.200481,1.563238,0,16.02903,0
-0.3350374,1.199679,1.562237,0,16.02903,0
-0.3797349,1.200988,1.563261,0,16.04371,0
-0.3337973,1.200162,1.562249,0,16.04371,0
-0.3789924,1.201906,1.563334,0,16.05784,0
-0.3330612,1.201081,1.562322,0,16.05784,0
-0.3725418,1.202841,1.563294,0,16.0714,0
-0.3266206,1.202017,1.562282,0,16.0714,0
-0.3630928,1.19427,1.563394,0,16.08557,0
-0.319246,1.193538,1.56259,0,16.08557,0
-0.3634112,1.193431,1.563492,0,16.09948,0
-0.3195619,1.192689,1.562689,0,16.09948,0
-0.3634482,1.192905,1.56355,0,16.11326,0
-0.3195975,1.192163,1.562747,0,16.11326,0
-0.3631906,1.192811,1.563555,0,16.12984,0
-0.3193399,1.192065,1.562752,0,16.12984,0
-0.354291,1.18202,1.564556,0,16.14248,0
-0.3083417,1.181306,1.563712,0,16.14248,0
-0.3543233,1.181408,1.564623,0,16.15559,0
-0.3083726,1.180691,1.563781,0,16.15559,0
-0.3636451,1.180731,1.564885,0,16.16926,0
-0.3176853,1.180018,1.564036,0,16.16926,0
-0.365169,1.178705,1.565138,0,16.18256,0
-0.3192016,1.177958,1.564292,0,16.18256,0
-0.365678,1.177513,1.565278,0,16.19663,0
-0.319707,1.176764,1.564433,0,16.19663,0
-0.366186,1.176324,1.565418,0,16.21053,0
-0.3202115,1.175573,1.564573,0,16.21053,0
-0.3567846,1.189207,1.56382,0,16.2248,0
-0.3108443,1.188429,1.562979,0,16.2248,0
-0.3657095,1.188638,1.564062,0,16.23867,0
-0.3197614,1.187859,1.563221,0,16.23867,0
-0.3703242,1.183133,1.564757,0,16.25218,0
-0.3243631,1.182409,1.56391,0,16.25218,0
-0.3703054,1.182963,1.564776,0,16.26669,0
-0.3243439,1.182241,1.563928,0,16.26669,0
-0.3702276,1.182564,1.564818,0,16.28252,0
-0.3242654,1.18185,1.563969,0,16.28252,0
-0.3721538,1.182509,1.564862,0,16.29599,0
-0.3283002,1.181824,1.564053,0,16.29599,0
-0.3706184,1.184626,1.5646,0,16.30797,0
-0.3267733,1.183937,1.563791,0,16.30797,0
-0.3684,1.186365,1.564365,0,16.32243,0
-0.3224506,1.18561,1.563521,0,16.32243,0
-0.3680437,1.186589,1.564334,0,16.33595,0
-0.3220956,1.185838,1.563489,0,16.33595,0
-0.3677236,1.187016,1.564281,0,16.34941,0
-0.3217771,1.186263,1.563436,0,16.34941,0
-0.3586901,1.19328,1.563413,0,16.36406,0
-0.3127629,1.192513,1.562571,0,16.36406,0
-0.358286,1.191174,1.563635,0,16.37866,0
-0.3123544,1.190489,1.562784,0,16.37866,0
-0.3579593,1.191026,1.563645,0,16.39182,0
-0.3120281,1.190353,1.562792,0,16.39182,0
-0.357051,1.185134,1.564271,0,16.40575,0
-0.3111077,1.184545,1.563409,0,16.40575,0
-0.3565999,1.183675,1.564421,0,16.42023,0
-0.3106541,1.183114,1.563556,0,16.42023,0
-0.3561508,1.182225,1.564571,0,16.43557,0
-0.3102028,1.181693,1.563705,0,16.43557,0
-0.3489044,1.185911,1.564022,0,16.44956,0
-0.316665,1.185549,1.563411,0,16.44956,0
-0.3429841,1.17227,1.565394,0,16.46122,0
-0.3106905,1.171858,1.564801,0,16.46122,0
-0.3368038,1.164301,1.56614,0,16.47496,0
-0.3044852,1.163972,1.565554,0,16.47496,0
-0.333286,1.159123,1.566639,0,16.48847,0
-0.3009494,1.158826,1.566056,0,16.48847,0
-0.3304816,1.154205,1.567129,0,16.50276,0
-0.2981279,1.153933,1.566542,0,16.50276,0
-0.3275992,1.149269,1.56762,0,16.5174,0
-0.2838657,1.149392,1.568624,0,16.5174,0
-0.3203001,1.134608,1.569101,0,16.53109,0
-0.2766306,1.135046,1.571495,0,16.53109,0
-0.3054386,1.116087,1.570865,0,16.54491,0
-0.2618322,1.11719,1.576167,0,16.54491,0
-0.3046841,1.111564,1.57135,0,16.55919,0
-0.2610741,1.112636,1.576831,0,16.55919,0
-0.3017666,1.105388,1.572158,0,16.57306,0
-0.2581613,1.106533,1.578061,0,16.57306,0
-0.2989029,1.099434,1.573751,0,16.58954,0
-0.255306,1.100621,1.579947,0,16.58954,0
-0.2990823,1.120301,1.570277,0,16.60247,0
-0.2612038,1.121465,1.575784,0,16.60247,0
-0.299232,1.118204,1.570512,0,16.61481,0
-0.2613457,1.119349,1.576004,0,16.61481,0
-0.3017336,1.120018,1.570359,0,16.62805,0
-0.2638328,1.121084,1.575356,0,16.62805,0
-0.3027213,1.119242,1.570464,0,16.64245,0
-0.2648104,1.120301,1.575271,0,16.64245,0
-0.3029596,1.117253,1.570688,0,16.65651,0
-0.2650419,1.118314,1.57546,0,16.65651,0
-0.3129423,1.115256,1.571099,0,16.67008,0
-0.2672088,1.116195,1.575317,0,16.67008,0
-0.3193339,1.128493,1.569758,0,16.68421,0
-0.2735535,1.129132,1.572695,0,16.68421,0
-0.3553811,1.132,1.570058,0,16.69864,0
-0.3093557,1.13173,1.56921,0,16.69864,0
-0.3564494,1.13332,1.569932,0,16.71192,0
-0.3104245,1.133061,1.569084,0,16.71192,0
-0.3577963,1.13465,1.569811,0,16.72609,0
-0.3117711,1.134398,1.568962,0,16.72609,0
-0.3548315,1.134992,1.569717,0,16.74189,0
-0.3088154,1.134778,1.568863,0,16.74189,0
-0.3554493,1.135937,1.569624,0,16.75543,0
-0.3094344,1.135735,1.568769,0,16.75543,0
-0.3372511,1.128844,1.570061,0,16.76738,0
-0.2912622,1.128705,1.569636,0,16.76738,0
-0.3376624,1.12924,1.570025,0,16.78147,0
-0.2916682,1.129066,1.569525,0,16.78147,0
-0.3378894,1.129736,1.569975,0,16.79573,0
-0.2918928,1.129548,1.569432,0,16.79573,0
-0.3236734,1.106678,1.572381,0,16.80943,0
-0.2778187,1.107099,1.574467,0,16.80943,0
-0.3218823,1.103403,1.573239,0,16.82367,0
-0.2760349,1.103808,1.575446,0,16.82367,0
-0.3217302,1.114666,1.571332,0,16.83736,0
-0.2759126,1.115154,1.573875,0,16.83736,0
-0.3206441,1.111408,1.571671,0,16.85165,0
-0.2748344,1.111998,1.574435,0,16.85165,0
-0.3203343,1.110569,1.571758,0,16.86536,0
-0.274527,1.111177,1.574585,0,16.86536,0
-0.328697,1.109771,1.572006,0,16.87948,0
-0.2827964,1.110023,1.573235,0,16.87948,0
-0.330276,1.106385,1.572637,0,16.89489,0
-0.2843365,1.106534,1.573363,0,16.89489,0
-0.3370015,1.122752,1.57073,0,16.90885,0
-0.2910044,1.122561,1.570368,0,16.90885,0
-0.3379661,1.121602,1.570875,0,16.92095,0
-0.2919522,1.121353,1.570336,0,16.92095,0
-0.3384111,1.120316,1.571026,0,16.93491,0
-0.2923882,1.120032,1.570407,0,16.93491,0
-0.3349479,1.12485,1.570458,0,16.94896,0
-0.2910724,1.124619,1.570126,0,16.94896,0
-0.3341278,1.126438,1.570267,0,16.96396,0
-0.2902677,1.126337,1.570075,0,16.96396,0
-0.3400903,1.12579,1.570453,0,16.97722,0
-0.2961697,1.125545,1.569642,0,16.97722,0
-0.3277781,1.115291,1.571378,0,16.99045,0
-0.2818862,1.115562,1.572756,0,16.99045,0
-0.3281611,1.115073,1.57141,0,17.00496,0
-0.2822637,1.115328,1.572715,0,17.00496,0
-0.3285424,1.114855,1.571441,0,17.0188,0
-0.2826396,1.115095,1.572675,0,17.0188,0
-0.3367646,1.114656,1.57162,0,17.03301,0
-0.29282,1.11446,1.570953,0,17.03301,0
-0.3352275,1.117381,1.571289,0,17.05003,0
-0.2913123,1.117251,1.570906,0,17.05003,0
-0.3265742,1.112973,1.571611,0,17.06231,0
-0.2806966,1.113311,1.57323,0,17.06231,0
-0.3263751,1.113582,1.57154,0,17.07379,0
-0.2805011,1.113929,1.573194,0,17.07379,0
-0.3262027,1.114128,1.571477,0,17.08729,0
-0.2803313,1.114484,1.57316,0,17.08729,0
-0.3049049,1.108656,1.571676,0,17.10141,0
-0.2670532,1.109634,1.576106,0,17.10141,0
-0.3037755,1.110112,1.571493,0,17.11607,0
-0.2659375,1.111132,1.576132,0,17.11607,0
-0.3037961,1.099308,1.573892,0,17.12946,0
-0.265916,1.100237,1.57824,0,17.12946,0
-0.3029846,1.099273,1.57388,0,17.14411,0
-0.2651114,1.100201,1.578389,0,17.14411,0
-0.3026333,1.099758,1.573737,0,17.15749,0
-0.2647625,1.100695,1.578302,0,17.15749,0
-0.3022504,1.100245,1.573592,0,17.17118,0
-0.2586871,1.101384,1.57914,0,17.17118,0
-0.3050824,1.097596,1.574399,0,17.186,0
-0.2615032,1.09865,1.579468,0,17.186,0
-0.3047472,1.111886,1.571316,0,17.20214,0
-0.2680355,1.112802,1.575562,0,17.20214,0
-0.3060079,1.108673,1.571695,0,17.21487,0
-0.2692783,1.109555,1.575715,0,17.21487,0
-0.3064577,1.107899,1.571789,0,17.22694,0
-0.2697227,1.108764,1.575727,0,17.22694,0
-0.306906,1.107128,1.571883,0,17.24084,0
-0.2701653,1.107977,1.575739,0,17.24084,0
-0.3079476,1.109295,1.571663,0,17.25506,0
-0.2643815,1.110373,1.576499,0,17.25506,0
-0.3088991,1.109795,1.571626,0,17.26869,0
-0.2653251,1.110787,1.576282,0,17.26869,0
-0.3137667,1.108706,1.571839,0,17.28292,0
-0.2701625,1.1095,1.575563,0,17.28292,0
-0.3131668,1.10974,1.571713,0,17.29742,0
-0.2695703,1.110564,1.575546,0,17.29742,0
-0.313245,1.109436,1.571748,0,17.31054,0
-0.2696477,1.110259,1.575567,0,17.31054,0
-0.3345013,1.120976,1.570878,0,17.32495,0
-0.2885343,1.120954,1.57098,0,17.32495,0
-0.332778,1.124902,1.570411,0,17.33966,0
-0.2868412,1.124898,1.570837,0,17.33966,0
-0.3323309,1.125264,1.570363,0,17.35465,0
-0.2864013,1.125282,1.570871,0,17.35465,0
-0.3308719,1.125967,1.570257,0,17.36823,0
-0.2849649,1.126097,1.571032,0,17.36823,0
-0.3303323,1.126523,1.570186,0,17.3809,0
-0.2844339,1.126683,1.57106,0,17.3809,0
-0.332765,1.132955,1.569521,0,17.39421,0
-0.2868467,1.133007,1.569931,0,17.39421,0
-0.3370155,1.134734,1.569406,0,17.40859,0
-0.2910401,1.134512,1.569027,0,17.40859,0
-0.348345,1.123867,1.570823,0,17.42319,0
-0.3023148,1.123537,1.569982,0,17.42319,0
-0.3487695,1.123348,1.570888,0,17.43621,0
-0.3027384,1.123049,1.570044,0,17.43621,0
-0.348767,1.123868,1.570831,0,17.45014,0
-0.302737,1.123567,1.569986,0,17.45014,0
-0.3487642,1.124387,1.570773,0,17.46393,0
-0.3027356,1.124082,1.569929,0,17.46393,0
-0.3400018,1.10741,1.572611,0,17.47822,0
-0.2939417,1.107101,1.571638,0,17.47822,0
-0.3420313,1.103897,1.573636,0,17.4921,0
-0.2959568,1.103578,1.57251,0,17.4921,0
-0.3450404,1.102725,1.57404,0,17.50798,0
-0.2989647,1.102402,1.572909,0,17.50798,0
-0.3455327,1.101978,1.574259,0,17.52142,0
-0.2994565,1.101662,1.573127,0,17.52142,0
-0.3458778,1.101535,1.574391,0,17.5337,0
-0.2998013,1.101221,1.573258,0,17.5337,0
-0.3423349,1.101064,1.574427,0,17.54743,0
-0.2983162,1.100767,1.573358,0,17.54743,0
-0.3302262,1.099355,1.574579,0,17.56162,0
-0.2976048,1.099126,1.573817,0,17.56162,0
-0.3304823,1.098817,1.574734,0,17.57603,0
-0.2978618,1.098585,1.573978,0,17.57603,0
-0.3296921,1.098747,1.574733,0,17.58923,0
-0.2970718,1.098534,1.573979,0,17.58923,0
-0.3293481,1.09835,1.574834,0,17.60337,0
-0.2967289,1.098134,1.574088,0,17.60337,0
-0.3292482,1.09786,1.574966,0,17.61815,0
-0.2966301,1.097643,1.574227,0,17.61815,0
-0.3099818,1.114758,1.571098,0,17.63214,0
-0.2642649,1.115757,1.575896,0,17.63214,0
-0.3098128,1.099339,1.574043,0,17.64619,0
-0.2640735,1.100261,1.578549,0,17.64619,0
-0.3094816,1.112617,1.571325,0,17.66135,0
-0.2637672,1.113636,1.576231,0,17.66135,0
-0.3094281,1.113223,1.571257,0,17.67485,0
-0.2637151,1.114244,1.57617,0,17.67485,0
-0.3092782,1.113605,1.571212,0,17.68644,0
-0.2635669,1.11463,1.576152,0,17.68644,0
-0.3147638,1.113998,1.571273,0,17.70148,0
-0.26901,1.11478,1.575158,0,17.70148,0
-0.3150699,1.116224,1.571033,0,17.71502,0
-0.2693146,1.116992,1.574847,0,17.71502,0
-0.3341347,1.117108,1.571299,0,17.72846,0
-0.3016355,1.116887,1.570704,0,17.72846,0
-0.3332299,1.115473,1.571462,0,17.74291,0
-0.3007266,1.115313,1.57086,0,17.74291,0
-0.3330395,1.115722,1.571431,0,17.75658,0
-0.3005371,1.115571,1.570828,0,17.75658,0
-0.3328494,1.115972,1.5714,0,17.77079,0
-0.3003478,1.115829,1.570796,0,17.77079,0
-0.3326781,1.104476,1.573228,0,17.78512,0
-0.3001903,1.104307,1.572415,0,17.78512,0
-0.3226183,1.097004,1.575028,0,17.79893,0
-0.2957829,1.096832,1.574446,0,17.79893,0
-0.3227424,1.095523,1.57544,0,17.8143,0
-0.2959104,1.095363,1.57487,0,17.8143,0
-0.3226177,1.094654,1.575677,0,17.82788,0
-0.2957879,1.094488,1.57512,0,17.82788,0
-0.3226484,1.094151,1.575817,0,17.84042,0
-0.2958198,1.093983,1.575265,0,17.84042,0
-0.3112395,1.093605,1.575666,0,17.85408,0
-0.2676111,1.09438,1.579685,0,17.85408,0
-0.312593,1.093668,1.575684,0,17.86787,0
-0.2689509,1.094427,1.579441,0,17.86787,0
-0.3358197,1.09911,1.574795,0,17.88198,0
-0.291886,1.098931,1.574171,0,17.88198,0
-0.3359082,1.099609,1.574659,0,17.89623,0
-0.291972,1.099383,1.574022,0,17.89623,0
-0.336125,1.099418,1.574718,0,17.90954,0
-0.2921859,1.09918,1.574046,0,17.90954,0
-0.3418827,1.116559,1.571507,0,17.92413,0
-0.2979048,1.116262,1.570701,0,17.92413,0
-0.3402978,1.118463,1.571266,0,17.93834,0
-0.2963265,1.118197,1.570458,0,17.93834,0
-0.3461443,1.124575,1.570702,0,17.95258,0
-0.3022128,1.124302,1.569895,0,17.95258,0
-0.345412,1.12511,1.570629,0,17.9679,0
-0.3014836,1.124831,1.569823,0,17.9679,0
-0.3451775,1.125372,1.570596,0,17.98207,0
-0.3012501,1.125093,1.569789,0,17.98207,0
-0.3449436,1.125634,1.570562,0,17.99348,0
-0.3010173,1.125355,1.569756,0,17.99348,0
-0.3542515,1.12004,1.571358,0,18.00692,0
-0.3082121,1.119756,1.570512,0,18.00692,0
-0.3543192,1.121406,1.571208,0,18.02188,0
-0.3082812,1.121109,1.570364,0,18.02188,0
-0.3545802,1.110165,1.572456,0,18.03524,0
-0.3085242,1.109882,1.571609,0,18.03524,0
-0.3546169,1.110405,1.57243,0,18.04925,0
-0.3085611,1.110132,1.571582,0,18.04925,0
-0.3546012,1.110809,1.572385,0,18.06303,0
-0.3085458,1.110535,1.571537,0,18.06303,0
-0.3545683,1.099844,1.575089,0,18.07714,0
-0.308492,1.099526,1.573956,0,18.07714,0
-0.3549744,1.099718,1.575134,0,18.09118,0
-0.3088971,1.099391,1.574004,0,18.09118,0
-0.3550247,1.100038,1.575047,0,18.10567,0
-0.3089467,1.099712,1.573917,0,18.10567,0
-0.355087,1.100356,1.574961,0,18.12097,0
-0.3090096,1.100008,1.573837,0,18.12097,0
-0.3551264,1.100675,1.574874,0,18.13465,0
-0.3090489,1.100322,1.573751,0,18.13465,0
-0.355166,1.100996,1.574786,0,18.14692,0
-0.3090883,1.100637,1.573665,0,18.14692,0
-0.3550625,1.101303,1.574698,0,18.16047,0
-0.3089849,1.100938,1.573579,0,18.16047,0
-0.3226256,1.118713,1.570902,0,18.17521,0
-0.2902285,1.118623,1.570943,0,18.17521,0
-0.319284,1.128584,1.569747,0,18.18821,0
-0.2812971,1.128865,1.571367,0,18.18821,0
-0.3185625,1.129349,1.569649,0,18.20235,0
-0.2805867,1.129688,1.571399,0,18.20235,0
-0.3179807,1.130309,1.569532,0,18.21632,0
-0.2800143,1.130678,1.571389,0,18.21632,0
-0.3229995,1.119511,1.570821,0,18.23008,0
-0.2793021,1.119876,1.57272,0,18.23008,0
-0.3226098,1.119161,1.570852,0,18.24467,0
-0.278917,1.119507,1.572831,0,18.24467,0
-0.3220884,1.108094,1.572065,0,18.25897,0
-0.2784337,1.108462,1.574199,0,18.25897,0
-0.3211161,1.110492,1.571782,0,18.27479,0
-0.2774752,1.110868,1.574092,0,18.27479,0
-0.3204718,1.111528,1.571655,0,18.28771,0
-0.2768397,1.111923,1.574084,0,18.28771,0
-0.319825,1.112566,1.571528,0,18.29962,0
-0.2762018,1.112981,1.574075,0,18.29962,0
-0.3142264,1.113898,1.571274,0,18.3134,0
-0.2684879,1.114626,1.575269,0,18.3134,0
-0.312542,1.120886,1.570469,0,18.32779,0
-0.2745738,1.121404,1.573391,0,18.32779,0
-0.3042191,1.132363,1.569042,0,18.34184,0
-0.2663594,1.133301,1.573492,0,18.34184,0
-0.3016025,1.135439,1.568653,0,18.3556,0
-0.2637729,1.136498,1.573589,0,18.3556,0
-0.2993602,1.138497,1.568272,0,18.36941,0
-0.2615565,1.139664,1.573624,0,18.36941,0
-0.2971404,1.153364,1.566586,0,18.38374,0
-0.2594099,1.154678,1.572324,0,18.38374,0
-0.2871788,1.164441,1.566363,0,18.39782,0
-0.2494661,1.165977,1.572807,0,18.39782,0
-0.3048962,1.163209,1.565646,0,18.4119,0
-0.2612019,1.164474,1.570916,0,18.4119,0
-0.3003939,1.168966,1.564924,0,18.42826,0
-0.2567458,1.170484,1.571027,0,18.42826,0
-0.2962461,1.173857,1.564305,0,18.44086,0
-0.2526358,1.175611,1.571176,0,18.44086,0
-0.2690777,1.180113,1.567789,0,18.45312,0
-0.2314278,1.181796,1.574206,0,18.45312,0
-0.2644311,1.186426,1.567899,0,18.46773,0
-0.2268009,1.188084,1.574315,0,18.46773,0
-0.2658711,1.197427,1.566418,0,18.48094,0
-0.222522,1.199398,1.573803,0,18.48094,0
-0.2618299,1.199797,1.566869,0,18.49454,0
-0.2184925,1.201989,1.574693,0,18.49454,0
-0.2575984,1.204898,1.568134,0,18.50851,0
-0.2142809,1.207136,1.575959,0,18.50851,0
-0.2533463,1.210028,1.569405,0,18.52283,0
-0.2100491,1.212312,1.577231,0,18.52283,0
-0.2545168,1.206988,1.568889,0,18.5372,0
-0.2090618,1.20929,1.577094,0,18.5372,0
-0.2518324,1.210241,1.569692,0,18.55061,0
-0.2063863,1.212565,1.577899,0,18.55061,0
-0.2543921,1.207247,1.568937,0,18.56547,0
-0.208941,1.209569,1.577144,0,18.56547,0
-0.2529232,1.20911,1.569385,0,18.58054,0
-0.2074781,1.211449,1.577593,0,18.58054,0
-0.2514523,1.210976,1.569834,0,18.59403,0
-0.2060132,1.213331,1.578043,0,18.59403,0
-0.250787,1.211313,1.569986,0,18.60602,0
-0.2053487,1.213686,1.578196,0,18.60602,0
-0.248301,1.206109,1.569888,0,18.62014,0
-0.210771,1.207984,1.576661,0,18.62014,0
-0.2332288,1.20343,1.572257,0,18.63431,0
-0.1876662,1.206216,1.582163,0,18.63431,0
-0.234287,1.202841,1.572011,0,18.648,0
-0.1887231,1.205556,1.581674,0,18.648,0
-0.2352533,1.20229,1.571785,0,18.6621,0
-0.1896878,1.204947,1.581227,0,18.6621,0
-0.2362963,1.201659,1.571537,0,18.67713,0
-0.1907285,1.204236,1.580739,0,18.67713,0
-0.2450645,1.195801,1.57025,0,18.68986,0
-0.2017012,1.197867,1.577626,0,18.68986,0
-0.2453133,1.192984,1.570521,0,18.70429,0
-0.2019444,1.194949,1.577909,0,18.70429,0
-0.2460606,1.191516,1.570553,0,18.71789,0
-0.2026893,1.193456,1.577946,0,18.71789,0
-0.2468546,1.189808,1.570605,0,18.73351,0
-0.2034805,1.191725,1.578,0,18.73351,0
-0.2659696,1.187599,1.567498,0,18.74767,0
-0.2204576,1.189584,1.575261,0,18.74767,0
-0.2640418,1.186177,1.567995,0,18.75919,0
-0.2185245,1.188161,1.575759,0,18.75919,0
-0.245969,1.193287,1.570372,0,18.77262,0
-0.2026068,1.19522,1.577763,0,18.77262,0
-0.2461385,1.193012,1.570373,0,18.78708,0
-0.2027754,1.194937,1.577765,0,18.78708,0
-0.246387,1.192064,1.570435,0,18.80097,0
-0.2030219,1.193976,1.577829,0,18.80097,0
-0.2408416,1.185359,1.572156,0,18.81526,0
-0.1974159,1.18724,1.579608,0,18.81526,0
-0.2418706,1.189749,1.571486,0,18.829,0
-0.1984553,1.191698,1.578905,0,18.829,0
-0.2533346,1.19211,1.569211,0,18.84316,0
-0.2157038,1.193829,1.575621,0,18.84316,0
-0.2534093,1.194059,1.56898,0,18.85702,0
-0.2157848,1.195802,1.575386,0,18.85702,0
-0.2535877,1.195045,1.568839,0,18.87073,0
-0.2159662,1.1968,1.575243,0,18.87073,0
-0.2537659,1.196029,1.568698,0,18.88817,0
-0.2161472,1.197797,1.5751,0,18.88817,0
-0.2652061,1.196928,1.566591,0,18.9005,0
-0.2197151,1.199026,1.574337,0,18.9005,0
-0.2525198,1.198481,1.568643,0,18.91297,0
-0.214966,1.200245,1.575132,0,18.91297,0
-0.2528982,1.196269,1.568823,0,18.92582,0
-0.2153365,1.197981,1.575222,0,18.92582,0
-0.2529239,1.196536,1.568789,0,18.94024,0
-0.2153635,1.198246,1.575187,0,18.94024,0
-0.2529495,1.196801,1.568755,0,18.95461,0
-0.2153904,1.19851,1.575153,0,18.95461,0
-0.2582928,1.190388,1.568534,0,18.96816,0
-0.2127592,1.192435,1.576293,0,18.96816,0
-0.2581815,1.189247,1.568681,0,18.98249,0
-0.2126445,1.191289,1.576441,0,18.98249,0
-0.2582917,1.188388,1.568757,0,18.99612,0
-0.2127527,1.190467,1.576514,0,18.99612,0
-0.2584971,1.187465,1.568824,0,19.00979,0
-0.2129562,1.18955,1.576581,0,19.00979,0
-0.2587021,1.186544,1.568891,0,19.02486,0
-0.2131594,1.188633,1.576647,0,19.02486,0
-0.2942173,1.185834,1.562942,0,19.04048,0
-0.2488021,1.187819,1.570485,0,19.04048,0
-0.2940006,1.184862,1.563046,0,19.05322,0
-0.2485841,1.186869,1.57063,0,19.05322,0
-0.2941934,1.184091,1.563134,0,19.06513,0
-0.2487745,1.186088,1.570683,0,19.06513,0
-0.2946298,1.183371,1.563222,0,19.07929,0
-0.2492074,1.185336,1.570691,0,19.07929,0
-0.2948686,1.182668,1.563305,0,19.09367,0
-0.2494433,1.18462,1.57073,0,19.09367,0
-0.2777935,1.176658,1.566645,0,19.1081,0
-0.2323003,1.178666,1.574402,0,19.1081,0
-0.2777253,1.17691,1.566629,0,19.12132,0
-0.2322321,1.178904,1.574388,0,19.12132,0
-0.2777378,1.177963,1.566509,0,19.13529,0
-0.2322469,1.179919,1.574272,0,19.13529,0
-0.2778273,1.177975,1.566492,0,19.14984,0
-0.2323366,1.179922,1.574255,0,19.14984,0
-0.2779541,1.177814,1.566488,0,19.16301,0
-0.2324632,1.179752,1.574252,0,19.16301,0
-0.2799098,1.177619,1.566167,0,19.17711,0
-0.2366199,1.179454,1.573556,0,19.17711,0
-0.2800242,1.177882,1.566117,0,19.19397,0
-0.2367352,1.17971,1.573508,0,19.19397,0
-0.2708013,1.184096,1.567042,0,19.20661,0
-0.2331585,1.185781,1.573457,0,19.20661,0
-0.2705539,1.184592,1.56703,0,19.21834,0
-0.232914,1.186288,1.573443,0,19.21834,0
-0.2701553,1.185347,1.567015,0,19.23209,0
-0.2325177,1.18705,1.573428,0,19.23209,0
-0.2697519,1.186111,1.567001,0,19.24695,0
-0.2321167,1.187822,1.573412,0,19.24695,0
-0.2808299,1.188807,1.564756,0,19.2605,0
-0.2353807,1.19084,1.572502,0,19.2605,0
-0.2807949,1.188893,1.564753,0,19.27447,0
-0.235346,1.190922,1.572499,0,19.27447,0
-0.2827571,1.184163,1.564937,0,19.28794,0
-0.2373018,1.186219,1.572681,0,19.28794,0
-0.2832309,1.182992,1.564984,0,19.30261,0
-0.237774,1.185045,1.57273,0,19.30261,0
-0.2836586,1.181949,1.565026,0,19.31632,0
-0.2382005,1.184003,1.572771,0,19.31632,0
-0.2896786,1.174585,1.564792,0,19.33021,0
-0.2442283,1.176603,1.57254,0,19.33021,0
-0.2859122,1.176043,1.56529,0,19.34714,0
-0.2404396,1.177973,1.573052,0,19.34714,0
-0.2867593,1.173795,1.565392,0,19.35995,0
-0.241283,1.17577,1.57315,0,19.35995,0
-0.2879055,1.171863,1.565407,0,19.37152,0
-0.2424272,1.173834,1.573165,0,19.37152,0
-0.2889851,1.169993,1.565426,0,19.38534,0
-0.2435049,1.171961,1.573185,0,19.38534,0
-0.275748,1.156866,1.569214,0,19.39949,0
-0.2301928,1.158777,1.577025,0,19.39949,0
-0.2862468,1.155591,1.567514,0,19.41335,0
-0.2407286,1.157507,1.575286,0,19.41335,0
-0.2862477,1.154892,1.567592,0,19.42739,0
-0.2407283,1.156741,1.575372,0,19.42739,0
-0.2859709,1.153614,1.567784,0,19.44143,0
-0.2404483,1.155445,1.57557,0,19.44143,0
-0.2863337,1.152222,1.567875,0,19.45549,0
-0.2408094,1.154038,1.575668,0,19.45549,0
-0.2827387,1.162821,1.567323,0,19.46893,0
-0.2393329,1.164597,1.574739,0,19.46893,0
-0.2803054,1.165653,1.567433,0,19.48407,0
-0.2369038,1.167451,1.574847,0,19.48407,0
-0.2838662,1.172779,1.566013,0,19.4995,0
-0.2383767,1.174714,1.573777,0,19.4995,0
-0.2832742,1.173698,1.566014,0,19.51319,0
-0.2377852,1.175649,1.573777,0,19.51319,0
-0.282996,1.173775,1.566055,0,19.52466,0
-0.2375066,1.175726,1.573817,0,19.52466,0
-0.2788187,1.174011,1.566761,0,19.53876,0
-0.2354061,1.175873,1.574169,0,19.53876,0
-0.2764292,1.179771,1.566537,0,19.55267,0
-0.2330252,1.181742,1.573931,0,19.55267,0
-0.2740111,1.180722,1.566855,0,19.567,0
-0.2285075,1.182812,1.574605,0,19.567,0
-0.2744655,1.181828,1.566652,0,19.58078,0
-0.2289661,1.183848,1.574409,0,19.58078,0
-0.2740467,1.182872,1.566609,0,19.59467,0
-0.2285488,1.184891,1.574365,0,19.59467,0
-0.2736293,1.183912,1.566566,0,19.60865,0
-0.2281329,1.185929,1.574322,0,19.60865,0
-0.2731804,1.184457,1.566584,0,19.62281,0
-0.2276846,1.186464,1.574341,0,19.62281,0
-0.2568785,1.184228,1.569469,0,19.63733,0
-0.2250004,1.185647,1.574903,0,19.63733,0
-0.2577708,1.184709,1.569259,0,19.65289,0
-0.2258899,1.186143,1.574692,0,19.65289,0
-0.257593,1.185248,1.56923,0,19.66597,0
-0.2257134,1.186687,1.574662,0,19.66597,0
-0.2574166,1.185784,1.569201,0,19.67806,0
-0.2255383,1.187227,1.574633,0,19.67806,0
-0.2572176,1.180305,1.569848,0,19.69189,0
-0.219581,1.181988,1.576263,0,19.69189,0
-0.2596952,1.176096,1.569883,0,19.70656,0
-0.2220421,1.177806,1.576298,0,19.70656,0
-0.2658659,1.173481,1.569093,0,19.72015,0
-0.2224195,1.175427,1.576497,0,19.72015,0
-0.2668194,1.171572,1.569138,0,19.73422,0
-0.2233707,1.173543,1.576541,0,19.73422,0
-0.2672903,1.170492,1.569176,0,19.74716,0
-0.2238393,1.172471,1.576578,0,19.74716,0
-0.2619809,1.169672,1.570199,0,19.76137,0
-0.2243094,1.171395,1.576618,0,19.76137,0
-0.2665629,1.164568,1.569965,0,19.77596,0
-0.2288872,1.16614,1.576405,0,19.77596,0
-0.2678106,1.162826,1.569941,0,19.78944,0
-0.2244521,1.164612,1.577379,0,19.78944,0
-0.2735523,1.161575,1.569073,0,19.80538,0
-0.2302025,1.163383,1.576489,0,19.80538,0
-0.2757782,1.160004,1.568858,0,19.81864,0
-0.2324294,1.161792,1.576274,0,19.81864,0
-0.2780132,1.158428,1.568642,0,19.83086,0
-0.2346652,1.160196,1.576057,0,19.83086,0
-0.2807969,1.160799,1.567889,0,19.84504,0
-0.2374557,1.16267,1.575284,0,19.84504,0
-0.2928774,1.159599,1.565904,0,19.85923,0
-0.2473597,1.161574,1.573668,0,19.85923,0
-0.2928161,1.163448,1.565485,0,19.87276,0
-0.2473042,1.165473,1.573243,0,19.87276,0
-0.2945983,1.163789,1.565386,0,19.88762,0
-0.2490819,1.165768,1.572898,0,19.88762,0
-0.296376,1.164153,1.56538,0,19.90133,0
-0.2508512,1.166062,1.572555,0,19.90133,0
-0.3172705,1.160091,1.566227,0,19.91512,0
-0.2715815,1.161838,1.56939,0,19.91512,0
-0.326113,1.140905,1.568516,0,19.92969,0
-0.2821822,1.142286,1.569713,0,19.92969,0
-0.3325801,1.152052,1.567407,0,19.94354,0
-0.2885814,1.152651,1.567433,0,19.94354,0
-0.3382202,1.157401,1.566923,0,19.95958,0
-0.2941577,1.157783,1.566041,0,19.95958,0
-0.3442424,1.162339,1.566505,0,19.97203,0
-0.3001795,1.16273,1.565609,0,19.97203,0
-0.350282,1.167287,1.566086,0,19.9842,0
-0.3062186,1.167687,1.565177,0,19.9842,0
-0.3097361,1.179896,1.563894,-1,19.99819,0
-0.2719692,1.181342,1.567144,-1,19.99819,0
-0.2489183,1.158063,1.573787,-1,20.01237,0
-0.2111816,1.160266,1.580264,-1,20.01237,0
-0.2018407,1.14339,1.583897,0,20.02616,0
-0.163997,1.147614,1.597202,0,20.02616,0
-0.1843558,1.141944,1.589849,1,20.04021,0
-0.1464566,1.146551,1.604273,0,20.04021,0
-0.1683597,1.139289,1.596496,1,20.05418,0
-0.1304351,1.143979,1.610941,1,20.05418,0
-0.1444514,1.138403,1.606074,1,20.06774,0
-0.1065165,1.143193,1.620519,1,20.06774,0
-0.01697659,1.135313,1.680303,-1,20.08224,0
0.0335182,1.148556,1.727626,-1,20.08224,0
0.06438854,1.138895,1.766729,1,20.09642,0
0.1244653,1.16315,1.866913,1,20.09642,0
0.1322723,1.155092,1.88725,2,20.11164,0
1.706895,2.850598,10.01,1,20.11164,0
2.023486,2.805364,10.01,2,20.12592,0
1.952831,2.799909,10.01,2,20.12592,0
2.277871,2.588426,10.01,-1,20.13791,0
2.206594,2.582796,10.01,-1,20.13791,0
3.10428,2.520309,10.01,-1,20.1501,0
3.028488,2.514692,10.01,-1,20.1501,0
3.460757,2.445339,10.01,-1,20.16458,0
3.382693,2.4396,10.01,-1,20.16458,0
3.817432,2.366958,10.01,-1,20.17878,0
3.736839,2.361183,10.01,-1,20.17878,0
4.190011,2.296945,10.01,2,20.19224,0
4.106479,2.290891,10.01,2,20.19224,0
4.418074,2.215003,10.01,3,20.2071,0
4.314574,2.207447,10.01,2,20.2071,0
4.28189,2.098608,10.01,3,20.22135,0
4.18009,2.090919,10.01,3,20.22135,0
4.544514,2.111622,10.01,3,20.23506,0
4.253953,2.088133,10.01,3,20.23506,0
4.573126,2.008249,10.01,3,20.24889,0
4.282329,1.984836,10.01,3,20.24889,0
4.806823,1.9262,10.01,3,20.26532,0
4.510471,1.902106,10.01,3,20.26532,0
1.7,1.160809,3.695149,3,20.278,0
4.740672,1.819879,10.01,3,20.278,0
1.7,1.130898,3.676815,3,20.29062,0
4.767181,1.746603,10.01,3,20.29062,0
1.7,1.110465,3.708972,3,20.30463,0
4.769074,1.684598,10.01,3,20.30463,0
1.7,1.088707,3.6486,3,20.31869,0
1.7,1.093316,3.735262,3,20.31869,0
1.7,1.059888,3.561446,3,20.33255,0
1.7,1.063651,3.641865,3,20.33255,0
1.7,1.031695,3.416821,3,20.34755,0
1.7,1.030845,3.396142,3,20.34755,0
1.7,1.089964,3.434701,3,20.36101,0
1.7,1.088795,3.414572,3,20.36101,0
1.7,1.080814,3.369507,3,20.37485,0
1.7,1.079582,3.348,3,20.37485,0
1.7,1.083249,3.280422,3,20.38839,0
1.7,1.081867,3.257147,3,20.38839,0
1.7,1.076314,3.214078,3,20.40261,0
1.7,1.074868,3.189525,3,20.40261,0
1.7,1.069826,3.14973,3,20.41865,0
1.7,1.068322,3.123996,3,20.41865,0
1.7,1.061546,3.063829,3,20.43179,0
1.7,1.059964,3.03645,3,20.43179,0
1.7,1.111402,3.014182,3,20.44386,0
1.7,1.111207,3.011467,3,20.44386,0
1.7,1.106133,3.072763,3,20.45771,0
1.7,1.106032,3.071321,3,20.45771,0
1.7,1.120748,3.051434,3,20.47113,0
1.7,1.120599,3.049413,3,20.47113,0
1.7,1.133066,3.023209,3,20.48537,0
1.7,1.13285,3.020418,3,20.48537,0
1.7,1.173072,2.995797,3,20.49948,0
1.7,1.172784,2.992524,3,20.49948,0
1.7,1.21008,3.008176,3,20.51336,0
1.7,1.209815,3.005448,3,20.51336,0
1.7,1.203958,3.010649,3,20.52767,0
1.7,1.203672,3.007638,3,20.52767,0
1.7,1.215887,2.988074,3,20.54172,0
1.7,1.215533,2.984493,3,20.54172,0
1.7,1.228757,2.966694,3,20.55686,0
1.7,1.228335,2.962588,3,20.55686,0
1.7,1.23844,2.914237,3,20.57108,0
1.7,1.234348,2.875827,3,20.57108,0
1.7,1.210604,2.895814,3,20.58506,0
1.7,1.206829,2.857136,3,20.58506,0
1.7,1.216028,2.883358,3,20.5972,0
1.7,1.213061,2.853356,3,20.5972,0
1.7,1.205373,2.881925,3,20.61071,0
1.7,1.202391,2.851868,3,20.61071,0
1.7,1.207075,2.866303,3,20.62551,0
1.7,1.204038,2.836036,3,20.62551,0
1.7,1.181957,2.850347,3,20.63885,0
1.7,1.179059,2.819762,3,20.63885,0
1.7,1.15799,2.906003,3,20.6531,0
1.7,1.155431,2.876113,3,20.6531,0
1.7,1.156382,2.904832,3,20.66674,0
1.7,1.153848,2.874918,3,20.66674,0
1.7,1.155988,2.903463,3,20.68158,0
1.7,1.153421,2.873529,3,20.68158,0
1.7,1.154113,2.901777,3,20.6946,0
1.7,1.151555,2.871813,3,20.6946,0
1.7,1.165151,2.892908,3,20.70876,0
1.7,1.161717,2.854069,3,20.70876,0
1.7,1.168623,2.892038,3,20.72501,0
1.7,1.165155,2.853201,3,20.72501,0
1.7,1.168676,2.892564,3,20.73772,0
1.7,1.165216,2.853731,3,20.73772,0
1.7,1.179854,2.889939,3,20.74968,0
1.7,1.176279,2.851113,3,20.74968,0
1.7,1.182593,2.888855,3,20.76462,0
1.7,1.178984,2.850026,3,20.76462,0
1.7,1.184845,2.887262,3,20.778,0
1.7,1.181212,2.848423,3,20.778,0
1.7,1.181733,2.963232,3,20.79166,0
1.7,1.17909,2.934291,3,20.79166,0
1.7,1.19439,3.006203,3,20.80568,0
1.7,1.190856,2.968607,3,20.80568,0
1.7,1.199074,3.000674,3,20.81999,0
1.7,1.195553,2.963036,3,20.81999,0
1.7,1.202926,3.000892,3,20.8334,0
1.7,1.199372,2.963267,3,20.8334,0
1.7,1.20659,2.999409,3,20.8478,0
1.7,1.203009,2.961779,3,20.8478,0
1.7,1.210267,2.997922,3,20.86197,0
1.7,1.206658,2.960287,3,20.86197,0
1.7,1.217073,3.011617,3,20.87806,0
1.7,1.213343,2.974151,3,20.87806,0
1.7,1.277694,2.934278,3,20.89085,0
1.7,1.273257,2.896198,3,20.89085,0
1.7,1.280216,2.938035,4,20.90355,0
1.7,1.275768,2.900003,3,20.90355,0
1.7,1.283175,2.940567,4,20.91693,0
1.7,1.278704,2.902571,4,20.91693,0
1.7,1.284779,2.931202,4,20.9307,0
1.7,1.28027,2.89312,4,20.9307,0
1.7,1.279711,2.915482,4,20.94541,0
1.7,1.27521,2.877221,4,20.94541,0
1.7,1.280807,2.91434,4,20.9594,0
1.7,1.27629,2.87607,4,20.9594,0
1.7,1.274566,2.908762,4,20.97381,0
1.7,1.270114,2.870418,4,20.97381,0
1.7,1.27416,2.906619,4,20.99313,0
1.7,1.269709,2.868253,4,20.99313,0
1.7,1.271907,2.888533,4,21.00091,0
1.7,1.268479,2.858959,4,21.00091,0
1.7,1.259134,2.901894,4,21.01535,0
1.7,1.25582,2.872464,4,21.01535,0
1.7,1.283847,2.903531,4,21.03139,0
1.7,1.28035,2.874074,4,21.03139,0
1.7,1.286645,2.915334,4,21.04379,0
1.7,1.283171,2.886056,4,21.04379,0
1.7,1.285097,2.918581,4,21.05625,0
1.7,1.281645,2.889344,4,21.05625,0
1.7,1.283518,2.921615,4,21.07078,0
1.7,1.280113,2.892643,4,21.07078,0
1.7,1.287752,2.927801,4,21.08447,0
1.7,1.284326,2.898935,4,21.08447,0
1.7,1.220207,2.946005,4,21.09857,0
1.7,1.216339,2.907858,4,21.09857,0
1.7,1.224319,2.942364,4,21.11195,0
1.7,1.220397,2.904197,4,21.11195,0
1.7,1.22497,2.944246,4,21.12609,0
1.7,1.221043,2.906101,4,21.12609,0
1.7,1.22562,2.946127,4,21.14025,0
1.7,1.221689,2.908005,4,21.14025,0
1.7,1.238353,2.922916,4,21.15454,0
1.7,1.235275,2.893917,4,21.15454,0
1.7,1.246059,2.963131,4,21.16809,0
1.7,1.242012,2.925248,4,21.16809,0
1.7,1.283623,3.01204,4,21.18453,0
1.7,1.279372,2.974807,4,21.18453,0
1.7,1.286741,3.01631,4,21.19795,0
1.7,1.282477,2.979135,4,21.19795,0
1.7,1.290615,3.019608,4,21.20927,0
1.7,1.286334,2.982484,4,21.20927,0
1.7,1.295938,3.035358,4,21.22329,0
1.7,1.291656,2.998429,4,21.22329,0
1.7,1.295432,3.052978,4,21.23783,0
1.7,1.290978,3.016246,4,21.23783,0
1.7,1.269967,3.072376,4,21.25144,0
1.7,1.265718,3.035777,4,21.25144,0
1.7,1.278279,3.091415,4,21.26573,0
1.7,1.27406,3.055062,4,21.26573,0
1.7,1.280281,3.103495,4,21.27945,0
1.7,1.276056,3.067293,4,21.27945,0
1.7,1.282326,3.115839,4,21.2931,0
1.7,1.278096,3.079789,4,21.2931,0
1.7,1.273761,3.07585,4,21.30764,0
1.7,1.269643,3.039331,4,21.30764,0
1.7,1.259122,3.079879,4,21.32144,0
1.7,1.255159,3.043365,4,21.32144,0
1.7,1.267119,3.067229,4,21.33718,0
1.7,1.262859,3.030588,4,21.33718,0
1.7,1.267327,3.068128,4,21.35027,0
1.7,1.263039,3.0315,4,21.35027,0
1.7,1.328362,3.212413,4,21.36318,0
1.7,1.32392,3.177813,4,21.36318,0
1.7,1.340579,3.180577,5,21.37667,0
1.7,1.336105,3.145592,4,21.37667,0
1.7,1.327878,3.174016,5,21.39144,0
1.7,1.323491,3.138898,5,21.39144,0
1.7,1.323349,3.155263,5,21.40472,0
1.7,1.318925,3.119887,5,21.40472,0
1.7,1.323925,3.146143,5,21.41857,0
1.7,1.319472,3.110655,5,21.41857,0
1.7,1.33503,3.106387,5,21.43283,0
1.7,1.331648,3.080223,5,21.43283,0
1.7,1.343787,3.120062,5,21.44675,0
1.7,1.340335,3.094163,5,21.44675,0
1.7,1.345985,3.11579,5,21.46023,0
1.7,1.342493,3.089822,5,21.46023,0
1.7,1.352802,3.130357,5,21.4748,0
1.7,1.349319,3.104671,5,21.4748,0
1.7,1.356036,3.130259,5,21.48968,0
1.7,1.352526,3.104587,5,21.48968,0
1.7,1.359264,3.130155,5,21.50364,0
1.7,1.355726,3.104496,5,21.50364,0
1.7,1.388488,3.116954,5,21.51628,0
1.7,1.383373,3.081358,5,21.51628,0
1.7,1.361179,3.120604,5,21.52938,0
1.7,1.35629,3.084942,5,21.52938,0
1.7,1.3594,3.134279,5,21.54363,0
1.7,1.35459,3.098777,5,21.54363,0
1.7,1.359926,3.139114,5,21.55814,0
1.7,1.355131,3.103674,5,21.55814,0
1.7,1.361423,3.144776,5,21.5714,0
1.7,1.356636,3.109411,5,21.5714,0
1.7,1.38865,3.124429,5,21.58604,0
1.7,1.383593,3.088923,5,21.58604,0
1.7,1.37051,3.109538,5,21.60137,0
1.7,1.365532,3.073781,5,21.60137,0
1.7,1.35092,3.116364,5,21.61397,0
1.7,1.346089,3.080613,5,21.61397,0
1.7,1.343844,3.115479,5,21.62835,0
1.7,1.339058,3.079686,5,21.62835,0
1.7,1.339824,3.11513,5,21.64353,0
1.7,1.335062,3.079318,5,21.64353,0
1.7,1.333536,3.113579,5,21.65676,0
1.7,1.328825,3.077723,5,21.65676,0
1.7,1.32734,3.112815,5,21.66914,0
1.7,1.322667,3.076925,5,21.66914,0
1.7,1.322787,3.112367,5,21.68292,0
1.7,1.318145,3.076454,5,21.68292,0
1.7,1.327715,3.117302,5,21.69667,0
1.7,1.323072,3.08147,5,21.69667,0
1.7,1.325201,3.117985,5,21.711,0
1.7,1.320583,3.08215,5,21.711,0
1.7,1.322677,3.118667,5,21.72498,0
1.7,1.318084,3.082832,5,21.72498,0
1.7,1.340545,3.204395,5,21.73906,0
1.7,1.336061,3.169726,5,21.73906,0
1.7,1.340549,3.209095,5,21.75254,0
1.7,1.336081,3.174488,5,21.75254,0
1.7,1.347529,3.224433,5,21.76697,0
1.7,1.343002,3.190058,5,21.76697,0
1.7,1.349128,3.231499,5,21.78128,0
1.7,1.3446,3.197226,5,21.78128,0
1.7,1.350745,3.23863,5,21.79734,0
1.7,1.346216,3.204462,5,21.79734,0
1.7,1.353518,3.206888,5,21.81048,0
1.7,1.348915,3.172304,5,21.81048,0
1.7,1.379661,3.168485,5,21.82236,0
1.7,1.374747,3.133505,5,21.82236,0
1.7,1.381218,3.151772,5,21.83602,0
1.7,1.37624,3.116585,5,21.83602,0
1.7,1.383136,3.149292,5,21.8497,0
1.7,1.378136,3.114082,5,21.8497,0
1.7,1.385045,3.146826,5,21.86405,0
1.7,1.380023,3.111593,5,21.86405,0
1.7,1.351043,3.098954,5,21.87835,0
1.7,1.347503,3.072927,5,21.87835,0
1.7,1.333474,3.076798,5,21.89225,0
1.7,1.329945,3.050334,5,21.89225,0
1.7,1.3332,3.070268,5,21.90593,0
1.7,1.329657,3.043695,5,21.90593,0
1.7,1.333565,3.063832,5,21.92065,0
1.7,1.330007,3.037155,5,21.92065,0
1.7,1.334286,3.057919,5,21.93427,0
1.7,1.330704,3.031149,5,21.93427,0
1.7,1.323096,3.069485,5,21.95025,0
1.7,1.318335,3.033061,5,21.95025,0
1.7,1.318872,3.085835,5,21.96378,0
1.7,1.31418,3.049591,5,21.96378,0
1.7,1.31879,3.084336,5,21.97559,0
1.7,1.314092,3.048073,5,21.97559,0
1.7,1.302052,3.097955,5,21.98909,0
1.7,1.297516,3.061793,5,21.98909,0
1.7,1.301368,3.099804,5,22.0032,0
1.7,1.296837,3.063662,5,22.0032,0
1.7,1.300689,3.10164,5,22.01812,0
1.7,1.296164,3.065517,5,22.01812,0
1.7,1.314683,3.111503,5,22.03089,0
1.7,1.314738,3.111933,5,22.03089,0
1.7,1.318174,3.13039,5,22.04529,0
1.7,1.318305,3.131402,5,22.04529,0
1.7,1.343997,3.194222,5,22.05938,0
1.7,1.339396,3.159432,5,22.05938,0
1.7,1.3442,3.197681,5,22.07286,0
1.7,1.339617,3.162937,5,22.07286,0
1.7,1.344879,3.202266,5,22.08721,0
1.7,1.34031,3.167586,5,22.08721,0
1.7,1.377114,3.220547,5,22.10295,0
1.7,1.372361,3.186243,5,22.10295,0
1.7,1.377104,3.201738,5,22.11656,0
1.7,1.372283,3.167179,5,22.11656,0
1.7,1.37394,3.1754,5,22.12883,0
1.7,1.369068,3.140482,5,22.12883,0
1.7,1.372808,3.16278,5,22.14237,0
1.7,1.36787,3.127697,5,22.14237,0
1.7,1.373069,3.160572,5,22.15652,0
1.7,1.368117,3.125459,5,22.15652,0
1.7,1.345176,3.166585,5,22.17012,0
1.7,1.341819,3.141598,5,22.17012,0
1.7,1.317836,3.101495,5,22.1846,0
1.7,1.314456,3.075364,5,22.1846,0
1.7,1.317177,3.097975,5,22.19839,0
1.7,1.313787,3.071782,5,22.19839,0
1.7,1.315818,3.104632,5,22.21227,0
1.7,1.312459,3.078545,5,22.21227,0
1.7,1.315038,3.10342,5,22.22721,0
1.7,1.311679,3.077307,5,22.22721,0
1.7,1.31426,3.102211,5,22.2408,0
1.7,1.310901,3.076074,5,22.2408,0
1.7,1.354771,3.16662,5,22.25637,0
1.7,1.351382,3.141654,5,22.25637,0
1.7,1.356742,3.174319,5,22.26901,0
1.7,1.353377,3.149498,5,22.26901,0
1.7,1.358808,3.179823,5,22.28182,0
1.7,1.35545,3.155108,5,22.28182,0
1.7,1.359132,3.185311,5,22.29572,0
1.7,1.355792,3.160695,5,22.29572,0
1.7,1.360033,3.189445,5,22.30899,0
1.7,1.356705,3.164904,5,22.30899,0
1.7,1.371998,3.166848,5,22.3233,0
1.7,1.368571,3.142206,5,22.3233,0
1.7,1.363912,3.164268,5,22.33794,0
1.7,1.360493,3.13955,5,22.33794,0
1.7,1.363132,3.167028,5,22.35124,0
1.7,1.359722,3.142354,5,22.35124,0
1.7,1.363215,3.165125,5,22.36542,0
1.7,1.35979,3.14042,5,22.36542,0
1.7,1.362666,3.167049,5,22.37976,0
1.7,1.359246,3.142375,5,22.37976,0
1.7,1.351928,3.200973,5,22.39417,0
1.7,1.347242,3.166306,5,22.39417,0
1.7,1.350811,3.18491,5,22.4098,0
1.7,1.346084,3.150028,5,22.4098,0
1.7,1.352536,3.196334,5,22.42476,0
1.7,1.347818,3.161608,5,22.42476,0
